my-new-broken-feature-keep-this-example-line,,
ci-link,21.5.1,4260
fit-textareas,21.5.1,4275
link-to-file-in-file-history,21.5.1,4296
avoid-accidental-submissions,21.5.9,4325
clean-conversation-sidebar,21.6.8,4238
no-useless-split-diff-view,21.7.1,4483
preview-hidden-comments,21.10.18,4524
reactions-avatars,21.8.22,4674
clean-dashboard,21.10.2,4841
quick-pr-diff-options,21.10.7,4882
align-issue-labels,21.10.25,4949
quick-pr-diff-options,21.12.1,5039
quick-comment-edit,,5572
select-all-notifications-shortcut,,5569
